{
    "index": {
        "min": [
            0
        ],
        "max": [
            3025
        ],
        "mean": [
            1512.5
        ],
        "std": [
            873.5309095847725
        ],
        "count": [
            3026
        ],
        "q01": [
            1406.7651552702257
        ],
        "q10": [
            1426.0724374883528
        ],
        "q50": [
            1512.289284467944
        ],
        "q90": [
            1598.7407006478004
        ],
        "q99": [
            1618.2343840238918
        ]
    },
    "action": {
        "min": [
            -1.6693251132965088,
            -80.92308044433594,
            -27.114887237548828,
            37.45054626464844,
            -45.58241271972656,
            2.3448328971862793
        ],
        "max": [
            69.36264038085938,
            39.65340805053711,
            75.86039733886719,
            84.39561462402344,
            38.79499053955078,
            40.067142486572266
        ],
        "mean": [
            39.054845598148965,
            -17.91448202207241,
            26.54642498217429,
            61.08336853839196,
            -6.510884111319955,
            13.757140744543989
        ],
        "std": [
            18.31608629608135,
            28.477648119171942,
            23.87408786416806,
            9.648349427561541,
            18.259776511237934,
            8.444521061584082
        ],
        "count": [
            3026
        ],
        "q01": [
            0.9242057214111031,
            -49.92991111548626,
            11.278472078263064,
            51.94831168696018,
            -22.07931885536927,
            3.81427790962749
        ],
        "q10": [
            12.624534609147595,
            -41.14630676970446,
            13.440167363785154,
            52.365669579023724,
            -21.55278935057346,
            4.833237555447022
        ],
        "q50": [
            47.173214788801225,
            -12.778337021516048,
            19.176338891994337,
            60.36681530049004,
            -4.2059750335904,
            13.237277674055973
        ],
        "q90": [
            51.95463875595777,
            1.8868602679610436,
            49.323440450622954,
            70.50007909721988,
            7.500519839058538,
            28.70702259084101
        ],
        "q99": [
            52.67649335501149,
            3.983430499299139,
            52.65477617086568,
            71.29035802726972,
            8.037975837223302,
            29.58829353872719
        ]
    },
    "task_index": {
        "min": [
            0
        ],
        "max": [
            0
        ],
        "mean": [
            0.0
        ],
        "std": [
            0.0
        ],
        "count": [
            3026
        ],
        "q01": [
            3.999999999999417e-16
        ],
        "q10": [
            3.999999999999419e-15
        ],
        "q50": [
            1.9999999999997088e-14
        ],
        "q90": [
            3.599999999999476e-14
        ],
        "q99": [
            3.959999999999423e-14
        ]
    },
    "observation.state": {
        "min": [
            -1.4065934419631958,
            -79.6043930053711,
            -23.384614944458008,
            37.27472686767578,
            -45.14285659790039,
            3.19293475151062
        ],
        "max": [
            68.57142639160156,
            39.78022003173828,
            76.04395294189453,
            83.78022003173828,
            37.67033004760742,
            39.26630401611328
        ],
        "mean": [
            38.65948134798603,
            -16.259110308607443,
            28.380083572289365,
            61.467148013723175,
            -6.745081832845401,
            15.365293039837502
        ],
        "std": [
            18.779106841989343,
            28.695229942712952,
            23.060595967537605,
            9.52944926877888,
            18.17467956466237,
            6.9976466798051
        ],
        "count": [
            3026
        ],
        "q01": [
            0.5899638886177532,
            -48.02128063537235,
            14.44491086418867,
            52.71735118102019,
            -21.72950541715308,
            10.804818269596618
        ],
        "q10": [
            10.912167720479154,
            -38.68471737658071,
            15.482075716641916,
            53.025601949717164,
            -21.655701788699208,
            11.168000900343737
        ],
        "q50": [
            47.16727518076376,
            -10.549747363447015,
            20.797798656340138,
            61.185369871917516,
            -4.133935988132381,
            13.162374957992
        ],
        "q90": [
            51.927540077467235,
            2.802541928939009,
            50.132325544327294,
            70.43957026200916,
            7.352510905467243,
            28.50537846018262
        ],
        "q99": [
            52.15306042067524,
            4.245497962118356,
            52.81208426358579,
            71.00007773953122,
            7.569651403126107,
            28.959309199713495
        ]
    },
    "observation.images.fixed": {
        "min": [
            [
                [
                    0.0
                ]
            ],
            [
                [
                    0.0
                ]
            ],
            [
                [
                    0.0
                ]
            ]
        ],
        "max": [
            [
                [
                    1.0
                ]
            ],
            [
                [
                    1.0
                ]
            ],
            [
                [
                    1.0
                ]
            ]
        ],
        "mean": [
            [
                [
                    0.2867728986969238
                ]
            ],
            [
                [
                    0.17936505340021477
                ]
            ],
            [
                [
                    0.12963633906205654
                ]
            ]
        ],
        "std": [
            [
                [
                    0.018432001948053677
                ]
            ],
            [
                [
                    0.010421580474375875
                ]
            ],
            [
                [
                    0.005400266368489649
                ]
            ]
        ],
        "count": [
            1589
        ],
        "q01": [
            [
                [
                    0.07104336738639623
                ]
            ],
            [
                [
                    0.03326775510292561
                ]
            ],
            [
                [
                    0.0036840499284646875
                ]
            ]
        ],
        "q10": [
            [
                [
                    0.08478860777278874
                ]
            ],
            [
                [
                    0.04173455525479282
                ]
            ],
            [
                [
                    0.05384024376221353
                ]
            ]
        ],
        "q50": [
            [
                [
                    0.13156270065037945
                ]
            ],
            [
                [
                    0.0695586165727084
                ]
            ],
            [
                [
                    0.06979921847303774
                ]
            ]
        ],
        "q90": [
            [
                [
                    0.7029725943355738
                ]
            ],
            [
                [
                    0.4806693490660629
                ]
            ],
            [
                [
                    0.3032487869095249
                ]
            ]
        ],