{
    "observation.state": {
        "min": [
            2.7252748012542725,
            -62.901100158691406,
            -2.373626470565796,
            41.67033004760742,
            -58.769229888916016,
            2.10597825050354
        ],
        "max": [
            41.758243560791016,
            27.736263275146484,
            57.4945068359375,
            84.74725341796875,
            54.989009857177734,
            29.755434036254883
        ],
        "mean": [
            19.193638848545937,
            -17.77802506031486,
            30.91688012892064,
            62.61237467568951,
            -10.65611706561124,
            14.795981587133952
        ],
        "std": [
            12.494358169353722,
            20.83705095536729,
            14.168861917848618,
            10.034551075267498,
            21.516248553757677,
            5.946361750788616
        ],
        "count": [
            1807
        ],
        "q01": [
            3.222778393935946,
            -43.27554038406144,
            20.868878482835488,
            53.285039347578426,
            -26.42841332394692,
            9.01464856390011
        ],
        "q10": [
            10.444431009805736,
            -39.07663412446903,
            22.774583109746096,
            53.29386439337026,
            -25.353405448510607,
            9.379320100827577
        ],
        "q50": [
            21.044742237316086,
            -20.62470238319745,
            28.50414995039139,
            64.06541103810041,
            -8.77063474870611,
            13.200217022247992
        ],
        "q90": [
            23.47879938999349,
            8.909297089660265,
            41.618695540989776,
            71.48669912480423,
            1.629195173742311,
            21.05439166186559
        ],
        "q99": [
            24.39468234400052,
            10.391610224819043,
            44.335979783645875,
            72.5267808374022,
            2.8612863595639193,
            21.342498835077482
        ]
    },
    "observation.images.fixed": {
        "min": [
            [
                [
                    0.0
                ]
            ],
            [
                [
                    0.0
                ]
            ],
            [
                [
                    0.0
                ]
            ]
        ],
        "max": [
            [
                [
                    1.0
                ]
            ],
            [
                [
                    1.0
                ]
            ],
            [
                [
                    1.0
                ]
            ]
        ],
        "mean": [
            [
                [
                    0.2615125114025035
                ]
            ],
            [
                [
                    0.16483069391039373
                ]
            ],
            [
                [
                    0.12199983387154935
                ]
            ]
        ],
        "std": [
            [
                [
                    0.012402240080525595
                ]
            ],
            [
                [
                    0.009260801035105792
                ]
            ],
            [
                [
                    0.005390295009524029
                ]
            ]
        ],
        "count": [
            1373
        ],
        "q01": [
            [
                [
                    0.06728652815624939
                ]
            ],
            [
                [
                    0.0346482067489103
                ]
            ],
            [
                [
                    0.010877556208869484
                ]
            ]
        ],
        "q10": [
            [
                [
                    0.08318329689142029
                ]
            ],
            [
                [
                    0.03961754776104272
                ]
            ],
            [
                [
                    0.052913299613036154
                ]
            ]
        ],
        "q50": [
            [
                [
                    0.12158026760199943
                ]
            ],
            [
                [
                    0.06779193111295143
                ]
            ],
            [
                [
                    0.06702140176842485
                ]
            ]
        ],
        "q90": [
            [
                [
                    0.6988919869130932
                ]
            ],
            [
                [
                    0.47793024203196505
                ]
            ],
            [
                [
                    0.29484658252438817
                ]
            ]
        ],
        "q99": [
            [
                [
                    0.9332965688492115
                ]
            ],
            [
                [
                    0.7403643849947398
                ]
            ],
            [
                [
                    0.5549658465848557
                ]
            ]
        ]
    },
    "task_index": {
        "min": [
            0
        ],
        "max": [
            0
        ],
        "mean": [
            0.0
        ],
        "std": [
            0.0
        ],
        "count": [
            1807
        ],
        "q01": [
            3.999999999999419e-16
        ],
        "q10": [
            3.999999999999416e-15
        ],
        "q50": [
            1.9999999999997088e-14
        ],
        "q90": [
            3.599999999999476e-14
        ],
        "q99": [
            3.9599999999994235e-14
        ]
    },
    "timestamp": {
        "min": [
            0.0
        ],
        "max": [
            11.6
        ],
        "mean": [
            4.440361556908319
        ],
        "std": [
            2.7531688871393376
        ],
        "count": [
            1807
        ],
        "q01": [
            0.060226852511556676
        ],
        "q10": [
            0.8537360958424508
        ],
        "q50": [
            4.424822077107166
        ],
        "q90": [
            8.022666929429532
        ],
        "q99": [
            8.820397647469992
        ]
    },
    "action": {
        "min": [
            2.6288442611694336,
            -64.4835205078125,
            -5.756011962890625,
            40.69630432128906,
            -59.37517547607422,
            1.1666688919067383
        ],
        "max": [
            42.37096405029297,
            27.322574615478516,
            57.17210006713867,
            85.39559936523438,
            58.58540344238281,
            30.346864700317383
        ],
        "mean": [
            19.444980763043233,
            -19.26103362155739,
            28.744930741268426,
            62.36491696769913,
            -10.524280134590542,
            13.428579287167471
        ],
        "std": [
            12.26132353172606,
            21.045343131024097,
            14.96334318626822,
            10.358924371084623,
            22.04970733697703,
            7.209308468128818
        ],
        "count": [
            1807
        ],
        "q01": [
            4.138056076914484,
            -45.83700164756923,
            18.469754671578126,
            52.18785833302821,
            -26.741012869794258,
            4.569827540840441
        ],
        "q10": [
            11.868946065466858,
            -42.789865445853195,
            20.05428367931934,
            52.594727503354385,
            -25.152514616418863,
            5.368618762665526
        ],
        "q50": [
            20.94426453213172,
            -21.363220000682137,
            25.086355785460647,
            63.92042170239679,
            -8.921636833271137,
            13.324488871481856
        ],