{
    "action": {
        "min": [
            -21.846153259277344,
            -104.61538696289062,
            96.21977996826172,
            56.21977996826172,
            -11.472527503967285,
            19.844358444213867
        ],
        "max": [
            -21.846153259277344,
            -104.61538696289062,
            96.21977996826172,
            56.21977996826172,
            -11.472527503967285,
            19.844358444213867
        ],
        "mean": [
            -21.845905303955078,
            -104.61650848388672,
            96.21930694580078,
            56.21969985961914,
            -11.472583770751953,
            19.844436645507812
        ],
        "std": [
            0.09077304601669312,
            0.0,
            0.0,
            0.14490029215812683,
            0.0,
            0.0
        ],
        "count": [
            900
        ],
        "q01": [
            -21.846153259277344,
            -104.61538696289062,
            96.21977996826172,
            56.21977996826172,
            -11.472527503967285,
            19.844358444213867
        ],
        "q10": [
            -21.846153259277344,
            -104.61538696289062,
            96.21977996826172,
            56.21977996826172,
            -11.472527503967285,
            19.844358444213867
        ],
        "q50": [
            -21.846153259277344,
            -104.61538696289062,
            96.21977996826172,
            56.21977996826172,
            -11.472527503967285,
            19.844358444213867
        ],
        "q90": [
            -21.846153259277344,
            -104.61538696289062,
            96.21977996826172,
            56.21977996826172,
            -11.472527503967285,
            19.844358444213867
        ],
        "q99": [
            -21.846153259277344,
            -104.61538696289062,
            96.21977996826172,
            56.21977996826172,
            -11.472527503967285,
            19.844358444213867
        ]
    },
    "observation.state": {
        "min": [
            -21.186813354492188,
            -102.9011001586914,
            76.30769348144531,
            55.64834976196289,
            -12.087912559509277,
            12.77173900604248
        ],
        "max": [
            2.9010989665985107,
            -38.10988998413086,
            96.52747344970703,
            56.52747344970703,
            -11.648351669311523,
            19.361413955688477
        ],
        "mean": [
            -21.09226417541504,
            -102.58525085449219,
            96.363037109375,
            56.524234771728516,
            -11.649492263793945,
            19.34065818786621
        ],
        "std": [
            1.3450438976287842,
            4.058050632476807,
            1.0825318098068237,
            0.0,
            0.015625,
            0.32974860072135925
        ],
        "count": [
            900
        ],
        "q01": [
            -21.186813354492188,
            -102.9011001586914,
            96.43852069482257,
            56.52729875788342,
            -11.648438917739051,
            19.360098929581422
        ],
        "q10": [
            -21.186813354492188,
            -102.9011001586914,
            96.43888829292271,
            56.527314638958295,
            -11.64843098606382,
            19.360218477409337
        ],
        "q50": [
            -21.186813354492188,
            -102.9011001586914,
            96.44052206225668,
            56.52738522151329,
            -11.648395734173912,
            19.360749801088954
        ],
        "q90": [
            -21.186813354492188,
            -102.9011001586914,
            96.44215583159064,
            56.52745580406828,
            -11.648360482284001,
            19.36128112476857
        ],
        "q99": [
            -21.186813354492188,
            -102.71968841552734,
            96.4425234296908,
            56.527471685143155,
            -11.648352550608772,
            19.361400672596485
        ]
    },
    "observation.images.fixed": {
        "min": [
            [
                [
                    0.00392156862745098
                ]
            ],
            [
                [
                    0.0
                ]
            ],
            [
                [
                    0.0
                ]
            ]
        ],
        "max": [
            [
                [
                    1.0
                ]
            ],
            [
                [
                    1.0
                ]
            ],
            [
                [
                    0.9450980392156862
                ]
            ]
        ],
        "mean": [
            [
                [
                    0.3749617495117966
                ]
            ],
            [
                [
                    0.3070675663558106
                ]
            ],
            [
                [
                    0.25661531688386735
                ]
            ]
        ],
        "std": [
            [
                [
                    0.0
                ]
            ],
            [
                [
                    0.0
                ]
            ],
            [
                [
                    0.0
                ]
            ]
        ],
        "count": [
            164
        ],
        "q01": [
            [
                [
                    0.05491402721066876
                ]
            ],
            [
                [
                    0.035231090335541546
                ]
            ],
            [
                [
                    0.0038424450444348064
                ]
            ]
        ],
        "q10": [
            [
                [
                    0.12549595064602545
                ]
            ],
            [
                [
                    0.09801042303467754
                ]
            ],
            [
                [
                    0.07828342675738335
                ]
            ]
        ],
        "q50": [
            [
                [
                    0.18833452181275923
                ]
            ],
            [
                [
                    0.1490102755404363
                ]
            ],
            [
                [
                    0.1254794312352793
                ]
            ]
        ],
        "q90": [
            [
                [
                    0.8627640246198257
                ]
            ],
            [
                [
                    0.7687826747489256
                ]
            ],
            [
                [
                    0.6589100920254009
                ]
            ]
        ],
        "q99": [
            [
                [
                    0.999822548698287
                ]
            ],
            [
                [
                    0.8981570363245845
                ]
            ],
            [
                [
                    0.8118260028288395
                ]
            ]
        ]
    },
    "observation.images.wrist": {
        "min": [
            [
                [
                    0.0
                ]
            ],
            [
                [
                    0.0
                ]
            ],
            [
                [
                    0.0
                ]
            ]
        ],
        "max": [
            [
                [
                    1.0
                ]
            ],
            [
                [
                    0.9686274509803922
                ]
            ],
            [
                [
                    0.9764705882352941
                ]
            ]
        ],