{
    "episode_index": {
        "min": [
            0
        ],
        "max": [
            9
        ],
        "mean": [
            4.688637790332706
        ],
        "std": [
            2.9381107671603517
        ],
        "count": [
            1593
        ],
        "q01": [
            4.688637790332706
        ],
        "q10": [
            4.68863779033271
        ],
        "q50": [
            4.688637790332725
        ],
        "q90": [
            4.688637790332741
        ],
        "q99": [
            4.688637790332746
        ]
    },
    "action": {
        "min": [
            -4.879120826721191,
            -85.89010620117188,
            -63.516483306884766,
            42.85714340209961,
            -33.4505500793457,
            1.4007781744003296
        ],
        "max": [
            64.57142639160156,
            48.43955993652344,
            78.54945373535156,
            102.37362670898438,
            76.61538696289062,
            34.86381149291992
        ],
        "mean": [
            25.381459776740066,
            -24.64077819374022,
            26.613654998062692,
            64.74825969344029,
            1.148790472046205,
            19.456135570815878
        ],
        "std": [
            18.268766523449795,
            35.93486082446051,
            34.95234182400347,
            10.627176598712706,
            21.886228948907217,
            10.8434209298113
        ],
        "count": [
            1593
        ],
        "q01": [
            3.3728529617222165,
            -63.90920775258801,
            -7.449048949716295,
            54.3924855161237,
            -14.445345096085257,
            5.323954596426677
        ],
        "q10": [
            7.569146304013941,
            -63.40285071589256,
            -6.42629446565828,
            55.308843584579215,
            -14.100588384126615,
            5.608976291496527
        ],
        "q50": [
            31.124143407831102,
            -30.23812491685732,
            22.877572791799388,
            64.59390240283848,
            -5.79082605949815,
            27.638910292500835
        ],
        "q90": [
            37.9696535547271,
            19.148959636861214,
            61.7963717664626,
            74.92932889642614,
            26.361656031401566,
            27.929456998448746
        ],
        "q99": [
            40.17836428848653,
            20.023515540494227,
            62.669356960082226,
            80.35319185215211,
            26.952075852737075,
            28.029039517502298
        ]
    },
    "observation.images.fixed": {
        "min": [
            [
                [
                    0.0
                ]
            ],
            [
                [
                    0.0
                ]
            ],
            [
                [
                    0.0
                ]
            ]
        ],
        "max": [
            [
                [
                    1.0
                ]
            ],
            [
                [
                    1.0
                ]
            ],
            [
                [
                    1.0
                ]
            ]
        ],
        "mean": [
            [
                [
                    0.32770584497549016
                ]
            ],
            [
                [
                    0.25326073560049017
                ]
            ],
            [
                [
                    0.21099782873774506
                ]
            ]
        ],
        "std": [
            [
                [
                    0.04108508012153741
                ]
            ],
            [
                [
                    0.035924472161040236
                ]
            ],
            [
                [
                    0.027500697419174304
                ]
            ]
        ],
        "count": [
            1000
        ],
        "q01": [
            [
                [
                    0.07720470620584505
                ]
            ],
            [
                [
                    0.03570902494032865
                ]
            ],
            [
                [
                    0.005119859497410742
                ]
            ]
        ],
        "q10": [
            [
                [
                    0.10549783322094092
                ]
            ],
            [
                [
                    0.0666578440668609
                ]
            ],
            [
                [
                    0.06937272611605373
                ]
            ]
        ],
        "q50": [
            [
                [
                    0.138838718914708
                ]
            ],
            [
                [
                    0.09768643643387581
                ]
            ],
            [
                [
                    0.09445370368601003
                ]
            ]
        ],
        "q90": [
            [
                [
                    0.7568499659977612
                ]
            ],
            [
                [
                    0.6509971386188669
                ]
            ],
            [
                [
                    0.5250862188670142
                ]
            ]
        ],
        "q99": [
            [
                [
                    0.9290461771611566
                ]
            ],
            [
                [
                    0.8140963637959877
                ]
            ],
            [
                [
                    0.7102002109263786
                ]
            ]
        ]
    },
    "index": {
        "min": [
            0
        ],
        "max": [
            1592
        ],
        "mean": [
            796.0
        ],
        "std": [
            459.85939880214113
        ],
        "count": [
            1593
        ],
        "q01": [
            716.7289044694559
        ],
        "q10": [
            731.2612890143577
        ],
        "q50": [
            795.564783553044
        ],
        "q90": [
            860.653199372334
        ],
        "q99": [
            875.2710955305441
        ]
    },
    "timestamp": {
        "min": [
            0.0
        ],
        "max": [
            14.066666666666666
        ],
        "mean": [
            5.359866080770035
        ],
        "std": [
            3.2242107739629278
        ],
        "count": [
            1593
        ],
        "q01": [
            0.07512637864170425
        ],
        "q10": [
            1.0439520149853667
        ],
        "q50": [
            5.330851650972463
        ],
        "q90": [
            9.670079372334033
        ],
        "q99": [
            10.644605782898363
        ]
    },
    "observation.images.wrist": {
        "min": [
            [
                [
                    0.0
                ]
            ],
            [
                [
                    0.0
                ]
            ],
            [
                [
                    0.0
                ]
            ]
        ],
        "max": [
            [
                [
                    1.0
                ]
            ],
            [
                [
                    0.9921568627450981
                ]
            ],
            [
                [
                    1.0
                ]
            ]
        ],
        "mean": [
            [
                [
                    0.13110216196895425
                ]
            ],
            [
                [
                    0.11590096834150328
                ]
            ],
            [
                [
                    0.12094398304738563
                ]
            ]
        ],