{
    "frame_index": {
        "min": [
            0
        ],
        "max": [
            171
        ],
        "mean": [
            67.90857142857143
        ],
        "std": [
            44.3939337646715
        ],
        "count": [
            875
        ],
        "q01": [
            0.7179562787580718
        ],
        "q10": [
            13.183817325633642
        ],
        "q50": [
            67.64551588571385
        ],
        "q90": [
            122.45306496008041
        ],
        "q99": [
            135.0947716389562
        ]
    },
    "action": {
        "min": [
            0.18902289867401123,
            -49.81133270263672,
            -19.887054443359375,
            54.52206802368164,
            -42.48893356323242,
            2.432065010070801
        ],
        "max": [
            42.4330940246582,
            36.794395446777344,
            47.46738815307617,
            79.593017578125,
            -1.7142868041992188,
            50.02442932128906
        ],
        "mean": [
            12.423292563847133,
            -0.034774555206298956,
            1.136982608795166,
            69.24310662841796,
            -15.072729521615164,
            12.908562505449568
        ],
        "std": [
            9.534885295731312,
            24.91871349695476,
            17.594719666150116,
            7.3729218014337095,
            10.224193401474308,
            9.318165199042992
        ],
        "count": [
            875
        ],
        "q01": [
            2.3437326121059487,
            -39.988975290134974,
            -14.319127385669095,
            55.27847345594134,
            -21.386299221790857,
            4.106725632324219
        ],
        "q10": [
            4.204287850286848,
            -35.07901670174735,
            -12.705272375604084,
            57.728784025888594,
            -20.843702469744,
            4.5557660552631
        ],
        "q50": [
            14.6382706006368,
            8.200923880440847,
            -7.5033195623670315,
            70.11705630493164,
            -15.132180797050067,
            13.52173957722353
        ],
        "q90": [
            16.838648057665143,
            30.231635160609656,
            27.90058692442879,
            77.78158224868446,
            -10.03733303034949,
            27.21889140415737
        ],
        "q99": [
            17.809368054108393,
            32.080657151336666,
            35.25818400105795,
            78.38645522504534,
            -9.853479467103673,
            27.711482951694727
        ]
    },
    "observation.images.wrist": {
        "min": [
            [
                [
                    0.0
                ]
            ],
            [
                [
                    0.0
                ]
            ],
            [
                [
                    0.0
                ]
            ]
        ],
        "max": [
            [
                [
                    1.0
                ]
            ],
            [
                [
                    0.996078431372549
                ]
            ],
            [
                [
                    1.0
                ]
            ]
        ],
        "mean": [
            [
                [
                    0.15705003897296538
                ]
            ],
            [
                [
                    0.14473177654165292
                ]
            ],
            [
                [
                    0.154650482876918
                ]
            ]
        ],
        "std": [
            [
                [
                    0.03603981341951774
                ]
            ],
            [
                [
                    0.03309326695055125
                ]
            ],
            [
                [
                    0.03495207115151482
                ]
            ]
        ],
        "count": [
            653
        ],
        "q01": [
            [
                [
                    -3.9215686274509807e-13
                ]
            ],
            [
                [
                    -3.9215686274509807e-13
                ]
            ],
            [
                [
                    -3.9215686274509807e-13
                ]
            ]
        ],
        "q10": [
            [
                [
                    -3.9215686274509807e-13
                ]
            ],
            [
                [
                    -3.9215686274509807e-13
                ]
            ],
            [
                [
                    0.0038165145682953214
                ]
            ]
        ],
        "q50": [
            [
                [
                    0.0005831582783099481
                ]
            ],
            [
                [
                    0.0039038803021506077
                ]
            ],
            [
                [
                    0.00396194445984868
                ]
            ]
        ],
        "q90": [
            [
                [
                    0.5538397313641791
                ]
            ],
            [
                [
                    0.4989123956792884
                ]
            ],
            [
                [
                    0.5215948817076863
                ]
            ]
        ],
        "q99": [
            [
                [
                    0.8922676267423274
                ]
            ],
            [
                [
                    0.8315492610270044
                ]
            ],
            [
                [
                    0.8511748857836897
                ]
            ]
        ]
    },
    "episode_index": {
        "min": [
            0
        ],
        "max": [
            6
        ],
        "mean": [
            3.432
        ],
        "std": [
            1.8487691658428935
        ],
        "count": [
            875
        ],
        "q01": [
            3.432
        ],
        "q10": [
            3.4320000000000035
        ],
        "q50": [
            3.43200000000002
        ],
        "q90": [
            3.4320000000000355
        ],
        "q99": [
            3.4320000000000395
        ]
    },
    "observation.images.fixed": {
        "min": [
            [
                [
                    0.0
                ]
            ],
            [
                [
                    0.0
                ]
            ],
            [
                [
                    0.0
                ]
            ]
        ],
        "max": [
            [
                [
                    1.0
                ]
            ],
            [
                [
                    1.0
                ]
            ],
            [
                [
                    1.0
                ]
            ]
        ],
        "mean": [
            [
                [
                    0.2585349825372339
                ]
            ],
            [
                [
                    0.16344009173347748
                ]
            ],
            [
                [
                    0.12237459721158754
                ]
            ]
        ],
        "std": [
            [
                [
                    0.009119360134487555
                ]
            ],
            [
                [
                    0.006315496093111077
                ]
            ],
            [
                [
                    0.003235666286315173
                ]
            ]
        ],
        "count": [
            653
        ],
        "q01": [
            [
                [
                    0.06750480863095983
                ]
            ],
            [
                [
                    0.03521792609810424
                ]
            ],
            [
                [
                    0.017308572962360273
                ]
            ]
        ],