{
    "task_index": {
        "min": [
            0
        ],
        "max": [
            0
        ],
        "mean": [
            0.0
        ],
        "std": [
            0.0
        ],
        "count": [
            383
        ],
        "q01": [
            3.999999999999417e-16
        ],
        "q10": [
            3.999999999999417e-15
        ],
        "q50": [
            1.9999999999997088e-14
        ],
        "q90": [
            3.599999999999476e-14
        ],
        "q99": [
            3.9599999999994235e-14
        ]
    },
    "action": {
        "min": [
            -3.5604395866394043,
            -66.10989379882812,
            -24.043956756591797,
            57.098899841308594,
            -83.29669952392578,
            1.011673092842102
        ],
        "max": [
            27.648351669311523,
            40.087913513183594,
            63.25274658203125,
            74.5054931640625,
            0.1318681389093399,
            29.80544662475586
        ],
        "mean": [
            11.055693989945453,
            -36.28074483647359,
            36.142806708034584,
            63.995306368596246,
            -17.412446970727984,
            25.117910584332737
        ],
        "std": [
            8.498061352075736,
            30.080942340080174,
            24.826079340710585,
            5.185320314510548,
            22.389090928493246,
            9.032486920484565
        ],
        "count": [
            383
        ],
        "q01": [
            -0.07700975004126437,
            -59.92873279740854,
            12.602294278057682,
            58.18259602135841,
            -68.32180620796065,
            18.616540498210618
        ],
        "q10": [
            2.9295047783955375,
            -55.24542356974658,
            15.91440406234914,
            58.49307599478539,
            -53.49363411089147,
            18.695370493736963
        ],
        "q50": [
            10.636943361477531,
            -37.79210984800254,
            34.14302066474297,
            61.77399268660782,
            -10.212949212927901,
            28.244523351113482
        ],
        "q90": [
            20.246899197431517,
            -12.642442707689247,
            55.576690179013085,
            70.22090873385487,
            -2.4964144405434707,
            28.939471109106396
        ],
        "q99": [
            24.915868010574886,
            -11.843627381212716,
            58.25650609198189,
            73.19914400105688,
            -2.1131556903849074,
            29.06554779427194
        ]
    },
    "observation.state": {
        "min": [
            -2.373626470565796,
            -64.3956069946289,
            -20.395605087280273,
            58.28571319580078,
            -82.85713958740234,
            2.17391300201416
        ],
        "max": [
            26.989011764526367,
            40.57143020629883,
            63.736263275146484,
            73.31867980957031,
            -0.6593406796455383,
            29.211956024169922
        ],
        "mean": [
            11.051687507031792,
            -34.96198377285551,
            38.076977911568186,
            64.38926607136938,
            -17.562337086032638,
            26.36877904050344
        ],
        "std": [
            8.465199543629964,
            30.677643777671662,
            24.15240281004307,
            4.795492139269286,
            22.13261862644786,
            5.718433511955269
        ],
        "count": [
            383
        ],
        "q01": [
            0.5506556009188022,
            -58.90052642025462,
            16.584377979248686,
            59.377805158628995,
            -67.91438175928499,
            8.04640670930748
        ],
        "q10": [
            2.893915316034546,
            -54.10420800641745,
            17.509240309007918,
            59.37832947007997,
            -54.71494701143137,
            22.572220739260043
        ],
        "q50": [
            11.017703582877063,
            -35.561523949393894,
            36.67826535645727,
            61.88758221888224,
            -10.535988220461972,
            28.637350018761193
        ],
        "q90": [
            20.015061165085037,
            -11.761045475603705,
            56.96723365557555,
            69.91147341211273,
            -2.6719802840260236,
            28.640115763035958
        ],
        "q99": [
            23.755479352567587,
            -11.582701248271869,
            59.36367131654857,
            72.83600040629015,
            -2.5618686185224715,
            28.640738055497778
        ]
    },
    "episode_index": {
        "min": [
            0
        ],
        "max": [
            1
        ],
        "mean": [
            0.6344647519582245
        ],
        "std": [
            0.4815799315594589
        ],
        "count": [
            383
        ],
        "q01": [
            0.6344647519582249
        ],
        "q10": [
            0.6344647519582286
        ],
        "q50": [
            0.6344647519582446
        ],
        "q90": [
            0.6344647519582606
        ],
        "q99": [
            0.6344647519582641
        ]
    },
    "observation.images.fixed": {
        "min": [
            [
                [
                    0.0
                ]
            ],
            [
                [
                    0.0
                ]
            ],
            [
                [
                    0.0
                ]
            ]
        ],
        "max": [
            [
                [
                    1.0
                ]
            ],
            [
                [
                    1.0
                ]
            ],
            [
                [
                    1.0
                ]
            ]
        ],
        "mean": [
            [
                [
                    0.33335795649509803
                ]
            ],
            [
                [
                    0.26578817478553923
                ]
            ],
            [
                [
                    0.21597485294117647
                ]
            ]
        ],
        "std": [
            [
                [
                    0.00669431525735295
                ]
            ],
            [
                [
                    0.00831924096200981
                ]
            ],
            [
                [
                    0.008118837316176478
                ]
            ]
        ],
        "count": [
            200
        ],
        "q01": [
            [
                [
                    0.103956684657139
                ]
            ],
            [
                [
                    0.0471557311198027
                ]
            ],
            [
                [
                    0.009871397119359868
                ]
            ]
        ],
        "q10": [
            [
                [
                    0.12349727537726748
                ]
            ],
            [
                [
                    0.07258326845637207
                ]
            ],
            [
                [
                    0.07441476371297048
                ]
            ]
        ],
        "q50": [
            [
                [
                    0.16278933081245367
                ]
            ],
            [
                [
                    0.12751374248405714
                ]
            ],
            [
                [
                    0.10589972882065002
                ]
            ]
        ],
        "q90": [
            [
                [
                    0.797950065573792
                ]
            ],
            [
                [
                    0.6941622403408112
                ]
            ],
            [
                [
                    0.562748557631323
                ]
            ]
        ],