{
    "action": {
        "min": [
            -17.89011001586914,
            -87.56044006347656,
            -46.989009857177734,
            48.30769348144531,
            -40.57143020629883,
            1.478599190711975
        ],
        "max": [
            68.87911987304688,
            52.131866455078125,
            71.69230651855469,
            91.03296661376953,
            94.02198028564453,
            31.43968963623047
        ],
        "mean": [
            21.061156008817967,
            -22.377545352658817,
            24.88982564435147,
            64.79938271651567,
            5.267093707827648,
            17.84170951339671
        ],
        "std": [
            22.25470120456789,
            35.37548206999929,
            33.44393693422031,
            8.967290228416726,
            21.76301722502459,
            9.644948944744796
        ],
        "count": [
            1515
        ],
        "q01": [
            1.2828871596402465,
            -63.32602655740521,
            -3.662452112330069,
            56.788046206735544,
            -10.28777443243332,
            5.073779370433819
        ],
        "q10": [
            6.116150221853652,
            -60.507966772567976,
            -2.2077416743917446,
            56.899631094542976,
            -9.690624564814975,
            5.494434793959093
        ],
        "q50": [
            24.715654514273417,
            -23.200912698964252,
            18.374128473237796,
            65.40878218204573,
            -1.0542977969828327,
            24.181149108499415
        ],
        "q90": [
            32.85657438154736,
            19.616233436114452,
            57.937738842591926,
            72.6771522551169,
            29.275567407227676,
            24.600619797415852
        ],
        "q99": [
            33.91490702039744,
            21.120812607904003,
            60.25314871216318,
            76.47923362185631,
            30.235797225673025,
            25.003579734468815
        ]
    },
    "episode_index": {
        "min": [
            0
        ],
        "max": [
            9
        ],
        "mean": [
            4.436963696369637
        ],
        "std": [
            2.7482643827503073
        ],
        "count": [
            1515
        ],
        "q01": [
            4.436963696369637
        ],
        "q10": [
            4.436963696369641
        ],
        "q50": [
            4.4369636963696575
        ],
        "q90": [
            4.4369636963696735
        ],
        "q99": [
            4.436963696369677
        ]
    },
    "observation.images.fixed": {
        "min": [
            [
                [
                    0.0
                ]
            ],
            [
                [
                    0.0
                ]
            ],
            [
                [
                    0.0
                ]
            ]
        ],
        "max": [
            [
                [
                    1.0
                ]
            ],
            [
                [
                    1.0
                ]
            ],
            [
                [
                    1.0
                ]
            ]
        ],
        "mean": [
            [
                [
                    0.350680050245098
                ]
            ],
            [
                [
                    0.29004529901960785
                ]
            ],
            [
                [
                    0.2395668540134804
                ]
            ]
        ],
        "std": [
            [
                [
                    0.028048494444828265
                ]
            ],
            [
                [
                    0.02077385490534561
                ]
            ],
            [
                [
                    0.016137939572007775
                ]
            ]
        ],
        "count": [
            1000
        ],
        "q01": [
            [
                [
                    0.10430767067430936
                ]
            ],
            [
                [
                    0.05135560601563989
                ]
            ],
            [
                [
                    0.012543639375623382
                ]
            ]
        ],
        "q10": [
            [
                [
                    0.12311026408815197
                ]
            ],
            [
                [
                    0.07803264006270556
                ]
            ],
            [
                [
                    0.07447664876082337
                ]
            ]
        ],
        "q50": [
            [
                [
                    0.1627442325672735
                ]
            ],
            [
                [
                    0.12552170845971766
                ]
            ],
            [
                [
                    0.10908033684192589
                ]
            ]
        ],
        "q90": [
            [
                [
                    0.8215673747306704
                ]
            ],
            [
                [
                    0.744676241676101
                ]
            ],
            [
                [
                    0.623128865745576
                ]
            ]
        ],
        "q99": [
            [
                [
                    0.9619251381456233
                ]
            ],
            [
                [
                    0.8729414265495542
                ]
            ],
            [
                [
                    0.767018936576968
                ]
            ]
        ]
    },
    "frame_index": {
        "min": [
            0
        ],
        "max": [
            204
        ],
        "mean": [
            77.9848184818482
        ],
        "std": [
            48.457491499176825
        ],
        "count": [
            1515
        ],
        "q01": [
            1.139970703531829
        ],
        "q10": [
            15.165946244143827
        ],
        "q50": [
            77.77479049504917
        ],
        "q90": [
            140.62441151163145
        ],
        "q99": [
            154.82966626016454
        ]
    },
    "observation.images.wrist": {
        "min": [
            [
                [
                    0.0
                ]
            ],
            [
                [
                    0.0
                ]
            ],
            [
                [
                    0.0
                ]
            ]
        ],
        "max": [
            [
                [
                    1.0
                ]
            ],
            [
                [
                    0.9921568627450981
                ]
            ],
            [
                [
                    1.0
                ]
            ]
        ],
        "mean": [
            [
                [
                    0.14567963745915036
                ]
            ],
            [
                [
                    0.14178909620098037
                ]
            ],
            [
                [
                    0.14402211580882354
                ]
            ]
        ],
        "std": [
            [
                [
                    0.024732340794720246
                ]
            ],
            [
                [
                    0.020692891865105235
                ]
            ],
            [
                [
                    0.021630848159778174
                ]
            ]
        ],
        "count": [
            1000
        ],
        "q01": [
            [
                [
                    -3.9215686274509807e-13
                ]
            ],
            [
                [
                    -3.9215686274509807e-13
                ]
            ],
            [
                [
                    -3.9215686274509807e-13
                ]
            ]
        ],