{
    "timestamp": {
        "min": [
            0.0
        ],
        "max": [
            12.4
        ],
        "mean": [
            5.487398373983741
        ],
        "std": [
            3.2521237876759446
        ],
        "count": [
            492
        ],
        "q01": [
            0.0666748324215525
        ],
        "q10": [
            1.076046699106625
        ],
        "q50": [
            5.477959999999813
        ],
        "q90": [
            9.898750048860855
        ],
        "q99": [
            10.908121915545928
        ]
    },
    "index": {
        "min": [
            0
        ],
        "max": [
            491
        ],
        "mean": [
            245.5
        ],
        "std": [
            142.02787285130574
        ],
        "count": [
            492
        ],
        "q01": [
            164.18914687795
        ],
        "q10": [
            179.32972487796843
        ],
        "q50": [
            245.35842439024373
        ],
        "q90": [
            311.67027512203157
        ],
        "q99": [
            326.81085312204993
        ]
    },
    "observation.images.wrist": {
        "min": [
            [
                [
                    0.0
                ]
            ],
            [
                [
                    0.0
                ]
            ],
            [
                [
                    0.0
                ]
            ]
        ],
        "max": [
            [
                [
                    1.0
                ]
            ],
            [
                [
                    0.9882352941176471
                ]
            ],
            [
                [
                    1.0
                ]
            ]
        ],
        "mean": [
            [
                [
                    0.1494407359749455
                ]
            ],
            [
                [
                    0.14341004629629628
                ]
            ],
            [
                [
                    0.14805468273420477
                ]
            ]
        ],
        "std": [
            [
                [
                    0.013551147389664292
                ]
            ],
            [
                [
                    0.01899497291882373
                ]
            ],
            [
                [
                    0.01626686236669995
                ]
            ]
        ],
        "count": [
            300
        ],
        "q01": [
            [
                [
                    -3.92156862745098e-13
                ]
            ],
            [
                [
                    -3.92156862745098e-13
                ]
            ],
            [
                [
                    -3.92156862745098e-13
                ]
            ]
        ],
        "q10": [
            [
                [
                    -3.92156862745098e-13
                ]
            ],
            [
                [
                    0.0025110078396585714
                ]
            ],
            [
                [
                    0.0038249337469765886
                ]
            ]
        ],
        "q50": [
            [
                [
                    -3.92156862745098e-13
                ]
            ],
            [
                [
                    0.006484141989032591
                ]
            ],
            [
                [
                    0.003967761627815775
                ]
            ]
        ],
        "q90": [
            [
                [
                    0.5699261986097823
                ]
            ],
            [
                [
                    0.5385160148249605
                ]
            ],
            [
                [
                    0.5555929594833662
                ]
            ]
        ],
        "q99": [
            [
                [
                    0.799982715905353
                ]
            ],
            [
                [
                    0.7529122846557954
                ]
            ],
            [
                [
                    0.7738235486176465
                ]
            ]
        ]
    },
    "frame_index": {
        "min": [
            0
        ],
        "max": [
            186
        ],
        "mean": [
            82.3109756097561
        ],
        "std": [
            48.78185681513916
        ],
        "count": [
            492
        ],
        "q01": [
            1.0001224877061052
        ],
        "q10": [
            16.140700487724512
        ],
        "q50": [
            82.16939999999981
        ],
        "q90": [
            148.48125073178767
        ],
        "q99": [
            163.62182873180612
        ]
    },
    "observation.state": {
        "min": [
            2.6373627185821533,
            -49.27472686767578,
            -38.593406677246094,
            65.67032623291016,
            -44.263736724853516,
            12.4320650100708
        ],
        "max": [
            33.230770111083984,
            40.83516311645508,
            44.57143020629883,
            101.010986328125,
            1.4505494832992554,
            21.603260040283203
        ],
        "mean": [
            19.724460985602402,
            -5.582772080006638,
            5.407138954817763,
            77.97745520118775,
            -16.745096662422505,
            17.299629126137834
        ],
        "std": [
            9.212793843178757,
            27.00294423961361,
            26.96205931706848,
            9.466366009910173,
            15.867256611489585,
            3.457037019604971
        ],
        "count": [
            492
        ],
        "q01": [
            7.40013891997376,
            -44.85482050732868,
            -13.773965901475611,
            67.73804977851185,
            -28.228719875685726,
            13.042925828840675
        ],
        "q10": [
            10.072851206422822,
            -41.61091114764248,
            -13.665771133776925,
            67.79091585776567,
            -28.22858137458482,
            13.042925828840675
        ],
        "q50": [
            21.6271488590371,
            -2.3082106365420945,
            -2.793081130368971,
            76.5831800437555,
            -16.748437238216994,
            20.04812546495603
        ],
        "q90": [
            23.84900379847664,
            27.898013014198966,
            42.067533607592026,
            90.84516194786968,
            -2.834251732327105,
            20.049082066803653
        ],
        "q99": [
            23.851102576108442,
            27.965360052447764,
            43.36344797695068,
            92.10835379061764,
            -2.6163562664705715,
            20.049297302219365
        ]
    },
    "action": {
        "min": [
            1.9780219793319702,
            -50.373626708984375,
            -43.47252655029297,
            65.0988998413086,
            -44.879119873046875,
            1.4007781744003296
        ],
        "max": [
            33.80219650268555,
            40.17582321166992,
            44.35165023803711,
            104.3956069946289,
            1.890109896659851,
            22.25680923461914
        ],
        "mean": [
            19.764141117654194,
            -7.642811108410843,
            2.34021198555706,
            77.89545826795624,
            -16.68649386947717,
            14.954139230697136
        ],
        "std": [
            9.164292612707673,
            26.628677878730777,
            27.699345970962227,
            9.46542940524099,
            15.841520856609028,
            7.134455123715973
        ],
        "count": [
            492
        ],
        "q01": [
            7.036751834134745,
            -46.417225915242014,
            -18.439305014726592,
            66.97596593407111,
            -28.681139220067156,
            6.6119386396272395
        ],