{
    "action": {
        "min": [
            13.230769157409668,
            -58.5494499206543,
            -10.15384578704834,
            66.06593322753906,
            -1.0109890699386597,
            5.447470664978027
        ],
        "max": [
            44.70329666137695,
            28.74725341796875,
            55.78022003173828,
            73.36264038085938,
            60.17582321166992,
            19.221790313720703
        ],
        "mean": [
            34.90433883666992,
            -11.942473411560059,
            15.279308319091797,
            67.92378234863281,
            23.623868942260742,
            14.311235427856445
        ],
        "std": [
            10.764037132263184,
            31.4669132232666,
            23.279457092285156,
            2.567924976348877,
            24.844715118408203,
            6.112940311431885
        ],
        "count": [
            149
        ],
        "q01": [
            13.230769157409668,
            -58.5494499206543,
            -10.15384578704834,
            66.06593322753906,
            -1.0109890699386597,
            5.447470664978027
        ],
        "q10": [
            16.66118403843471,
            -57.93008012771607,
            -9.711608089100231,
            66.32907473246256,
            1.3603669548034667,
            6.22522996796502
        ],
        "q50": [
            41.45218276977539,
            -0.5233249664306641,
            6.714914458138602,
            66.85719228673864,
            9.800720691680908,
            19.1428827558245
        ],
        "q90": [
            44.17845916748047,
            28.293490524291993,
            55.69068054199219,
            73.27426724433899,
            60.08171646118164,
            19.221204060145787
        ],
        "q99": [
            44.70195688520159,
            28.740752458572388,
            55.777413809640066,
            73.3622785059611,
            60.17354396820068,
            19.22173168836321
        ]
    },
    "observation.state": {
        "min": [
            12.571428298950195,
            -57.36263656616211,
            -6.505494594573975,
            66.46154022216797,
            -1.7142857313156128,
            12.975543022155762
        ],
        "max": [
            44.131866455078125,
            29.230770111083984,
            56.79121017456055,
            73.4065933227539,
            59.38461685180664,
            18.75
        ],
        "mean": [
            34.84743118286133,
            -10.127294540405273,
            18.126384735107422,
            67.72762298583984,
            23.412630081176758,
            16.629446029663086
        ],
        "std": [
            10.919532775878906,
            31.818159103393555,
            22.96835708618164,
            2.5378963947296143,
            24.730796813964844,
            2.7554268836975098
        ],
        "count": [
            149
        ],
        "q01": [
            12.571428298950195,
            -57.36263656616211,
            -6.505494594573975,
            66.46154022216797,
            -1.7142857313156128,
            12.975543022155762
        ],
        "q10": [
            17.23164310455322,
            -57.36263656616211,
            -6.505494594573975,
            66.46154022216797,
            1.0217232942581176,
            12.975543022155762
        ],
        "q50": [
            41.67541186014811,
            2.412792205810547,
            10.283955574035645,
            66.54979919433593,
            10.242769718170166,
            18.749065554660298
        ],
        "q90": [
            43.867075729370114,
            29.220018068949383,
            56.7826378215443,
            73.40537629968979,
            59.37634161168879,
            18.74981311093206
        ],
        "q99": [
            44.131011803366924,
            29.229694906870524,
            56.79035293925892,
            73.40647162044749,
            59.38378932779486,
            18.749981311093205
        ]
    },
    "observation.images.fixed": {
        "min": [
            [
                [
                    0.00784313725490196
                ]
            ],
            [
                [
                    0.0
                ]
            ],
            [
                [
                    0.0
                ]
            ]
        ],
        "max": [
            [
                [
                    1.0
                ]
            ],
            [
                [
                    1.0
                ]
            ],
            [
                [
                    1.0
                ]
            ]
        ],
        "mean": [
            [
                [
                    0.3430709283088235
                ]
            ],
            [
                [
                    0.28639149509803924
                ]
            ],
            [
                [
                    0.23745451899509806
                ]
            ]
        ],
        "std": [
            [
                [
                    0.0
                ]
            ],
            [
                [
                    0.0
                ]
            ],
            [
                [
                    0.0
                ]
            ]
        ],
        "count": [
            100
        ],
        "q01": [
            [
                [
                    0.10590481014618913
                ]
            ],
            [
                [
                    0.05481891659466373
                ]
            ],
            [
                [
                    0.01970431654638588
                ]
            ]
        ],
        "q10": [
            [
                [
                    0.125347359089093
                ]
            ],
            [
                [
                    0.0822560059896178
                ]
            ],
            [
                [
                    0.07452672418457229
                ]
            ]
        ],
        "q50": [
            [
                [
                    0.16868521062983516
                ]
            ],
            [
                [
                    0.1332508438716821
                ]
            ],
            [
                [
                    0.10995456958865991
                ]
            ]
        ],
        "q90": [
            [
                [
                    0.8274055059142232
                ]
            ],
            [
                [
                    0.7491022241896387
                ]
            ],
            [
                [
                    0.6353091190109252
                ]
            ]
        ],
        "q99": [
            [
                [
                    0.9648376480891467
                ]
            ],
            [
                [
                    0.8822439140814453
                ]
            ],
            [
                [
                    0.784344574551355
                ]
            ]
        ]
    },
    "observation.images.wrist": {
        "min": [
            [
                [
                    0.0
                ]
            ],
            [
                [
                    0.0
                ]
            ],
            [
                [
                    0.0
                ]
            ]
        ],
        "max": [
            [
                [
                    1.0
                ]
            ],
            [
                [
                    0.984313725490196
                ]
            ],
            [
                [
                    1.0
                ]
            ]
        ],