{
    "frame_index": {
        "min": [
            0
        ],
        "max": [
            276
        ],
        "mean": [
            105.87617148554337
        ],
        "std": [
            63.59529962266246
        ],
        "count": [
            5015
        ],
        "q01": [
            1.6371746726831777
        ],
        "q10": [
            20.710802998922553
        ],
        "q50": [
            105.66335242273159
        ],
        "q90": [
            190.91693737994075
        ],
        "q99": [
            210.11516829840352
        ]
    },
    "action": {
        "min": [
            -22.10988998413086,
            -80.26373291015625,
            -40.57143020629883,
            6.901098728179932,
            -44.79121017456055,
            1.011673092842102
        ],
        "max": [
            76.17582702636719,
            49.31867980957031,
            76.96703338623047,
            99.03296661376953,
            81.53845977783203,
            37.12062072753906
        ],
        "mean": [
            28.110174316375822,
            -20.730686298134557,
            14.947694380808684,
            65.51175011342924,
            7.917284199960924,
            15.947373901169417
        ],
        "std": [
            19.6708003521109,
            27.170626793758643,
            25.269867984669613,
            15.716635438202456,
            17.657703856368958,
            10.814999926869907
        ],
        "count": [
            5015
        ],
        "q01": [
            0.5355142807285427,
            -56.8864577139465,
            -5.541169960663124,
            45.396610937652895,
            -4.861606579991186,
            4.692283876250458
        ],
        "q10": [
            6.879670430598493,
            -55.16915845138876,
            -3.894696724660311,
            48.33635555150927,
            -3.6504823225393546,
            4.821890327231938
        ],
        "q50": [
            30.592445764687607,
            -21.13299357149207,
            11.180947026227074,
            64.77241785988913,
            5.045715369370933,
            17.835807364924136
        ],
        "q90": [
            48.45796533168242,
            12.56711588823617,
            44.59327289328412,
            80.93287956968278,
            24.895494485196586,
            27.590033301621094
        ],
        "q99": [
            50.04637023563391,
            18.477744222020387,
            46.757369875444766,
            83.97227872522313,
            26.755532082725466,
            28.309973311370314
        ]
    },
    "observation.images.wrist": {
        "min": [
            [
                [
                    0.0
                ]
            ],
            [
                [
                    0.0
                ]
            ],
            [
                [
                    0.0
                ]
            ]
        ],
        "max": [
            [
                [
                    1.0
                ]
            ],
            [
                [
                    0.9921568627450981
                ]
            ],
            [
                [
                    1.0
                ]
            ]
        ],
        "mean": [
            [
                [
                    0.23143136752791393
                ]
            ],
            [
                [
                    0.2189407135927287
                ]
            ],
            [
                [
                    0.22325620404411764
                ]
            ]
        ],
        "std": [
            [
                [
                    0.03840016018833455
                ]
            ],
            [
                [
                    0.03682953996150274
                ]
            ],
            [
                [
                    0.0357377681307392
                ]
            ]
        ],
        "count": [
            2400
        ],
        "q01": [
            [
                [
                    -3.9215686274509787e-13
                ]
            ],
            [
                [
                    -3.9215686274509787e-13
                ]
            ],
            [
                [
                    -3.9215686274509787e-13
                ]
            ]
        ],
        "q10": [
            [
                [
                    -3.9215686274509787e-13
                ]
            ],
            [
                [
                    0.0026683296298254076
                ]
            ],
            [
                [
                    0.0035066011658397424
                ]
            ]
        ],
        "q50": [
            [
                [
                    0.0478690757412843
                ]
            ],
            [
                [
                    0.04722990634660044
                ]
            ],
            [
                [
                    0.04708122955708285
                ]
            ]
        ],
        "q90": [
            [
                [
                    0.6295843392617604
                ]
            ],
            [
                [
                    0.6068461137125086
                ]
            ],
            [
                [
                    0.6254834036687337
                ]
            ]
        ],
        "q99": [
            [
                [
                    0.8284239201497052
                ]
            ],
            [
                [
                    0.766193047689676
                ]
            ],
            [
                [
                    0.7792604895267147
                ]
            ]
        ]
    },
    "timestamp": {
        "min": [
            0.0
        ],
        "max": [
            18.4
        ],
        "mean": [
            7.058411432369558
        ],
        "std": [
            4.239686641510832
        ],
        "count": [
            5015
        ],
        "q01": [
            0.1091449780869666
        ],
        "q10": [
            1.380720199853094
        ],
        "q50": [
            7.043921478231768
        ],
        "q90": [
            12.727795825404346
        ],
        "q99": [
            14.007677886652147
        ]
    },
    "index": {
        "min": [
            0
        ],
        "max": [
            5014
        ],
        "mean": [
            2507.0
        ],
        "std": [
            1447.7057712118165
        ],
        "count": [
            5015
        ],
        "q01": [
            2402.76100318714
        ],
        "q10": [
            2421.8346315133786
        ],
        "q50": [
            2506.787180937189
        ],
        "q90": [
            2592.0407658943973
        ],
        "q99": [
            2611.23899681286
        ]
    },
    "observation.images.fixed": {
        "min": [
            [
                [
                    0.0
                ]
            ],
            [
                [
                    0.0
                ]
            ],
            [
                [
                    0.0
                ]
            ]
        ],
        "max": [
            [
                [
                    1.0
                ]
            ],
            [
                [
                    1.0
                ]
            ],
            [
                [
                    1.0
                ]
            ]
        ],
        "mean": [
            [
                [
                    0.3266745158037174
                ]
            ],
            [
                [
                    0.2621053122446896
                ]
            ],
            [
                [
                    0.2188639908854167
                ]
            ]
        ],