{
    "frame_index": {
        "min": [
            0
        ],
        "max": [
            245
        ],
        "mean": [
            92.94771480804387
        ],
        "std": [
            56.760935929665024
        ],
        "count": [
            5470
        ],
        "q01": [
            1.2577410499927353
        ],
        "q10": [
            18.117996826244905
        ],
        "q50": [
            92.6976685191953
        ],
        "q90": [
            167.6772397368263
        ],
        "q99": [
            184.637688566095
        ]
    },
    "index": {
        "min": [
            0
        ],
        "max": [
            5469
        ],
        "mean": [
            2734.5
        ],
        "std": [
            1579.0529598465025
        ],
        "count": [
            5470
        ],
        "q01": [
            2642.8100262419484
        ],
        "q10": [
            2659.670282018201
        ],
        "q50": [
            2734.2499537111516
        ],
        "q90": [
            2809.229524928783
        ],
        "q99": [
            2826.1899737580516
        ]
    },
    "episode_index": {
        "min": [
            0
        ],
        "max": [
            29
        ],
        "mean": [
            14.36617915904936
        ],
        "std": [
            8.612685078865892
        ],
        "count": [
            5470
        ],
        "q01": [
            14.36617915904936
        ],
        "q10": [
            14.36617915904936
        ],
        "q50": [
            14.366179159049379
        ],
        "q90": [
            14.366179159049391
        ],
        "q99": [
            14.3661791590494
        ]
    },
    "task_index": {
        "min": [
            0
        ],
        "max": [
            0
        ],
        "mean": [
            0.0
        ],
        "std": [
            0.0
        ],
        "count": [
            5470
        ],
        "q01": [
            3.999999999999418e-16
        ],
        "q10": [
            3.999999999999417e-15
        ],
        "q50": [
            1.9999999999997084e-14
        ],
        "q90": [
            3.599999999999476e-14
        ],
        "q99": [
            3.9599999999994235e-14
        ]
    },
    "observation.images.fixed": {
        "min": [
            [
                [
                    0.0
                ]
            ],
            [
                [
                    0.0
                ]
            ],
            [
                [
                    0.0
                ]
            ]
        ],
        "max": [
            [
                [
                    1.0
                ]
            ],
            [
                [
                    1.0
                ]
            ],
            [
                [
                    1.0
                ]
            ]
        ],
        "mean": [
            [
                [
                    0.3555140766441994
                ]
            ],
            [
                [
                    0.2745720731209149
                ]
            ],
            [
                [
                    0.21890746456290852
                ]
            ]
        ],
        "std": [
            [
                [
                    0.01441830165580957
                ]
            ],
            [
                [
                    0.010568702292873327
                ]
            ],
            [
                [
                    0.007258505602781785
                ]
            ]
        ],
        "count": [
            3000
        ],
        "q01": [
            [
                [
                    0.09041484530333059
                ]
            ],
            [
                [
                    0.044319997267637044
                ]
            ],
            [
                [
                    0.004810082852535976
                ]
            ]
        ],
        "q10": [
            [
                [
                    0.1155535806185343
                ]
            ],
            [
                [
                    0.0688104257055709
                ]
            ],
            [
                [
                    0.06960393334097735
                ]
            ]
        ],
        "q50": [
            [
                [
                    0.1500711815916143
                ]
            ],
            [
                [
                    0.10588593407355729
                ]
            ],
            [
                [
                    0.09395834959171236
                ]
            ]
        ],
        "q90": [
            [
                [
                    0.7865184571860693
                ]
            ],
            [
                [
                    0.6713674311870585
                ]
            ],
            [
                [
                    0.5333562580467626
                ]
            ]
        ],
        "q99": [
            [
                [
                    0.9298229009914935
                ]
            ],
            [
                [
                    0.8053491248131941
                ]
            ],
            [
                [
                    0.6912216418977573
                ]
            ]
        ]
    },
    "observation.state": {
        "min": [
            -3.4285714626312256,
            -76.26373291015625,
            -44.39560317993164,
            37.36263656616211,
            -10.593406677246094,
            2.17391300201416
        ],
        "max": [
            75.6043930053711,
            43.29670333862305,
            67.78022003173828,
            101.0988998413086,
            25.450550079345703,
            63.65489196777344
        ],
        "mean": [
            32.41520720277887,
            -25.021952646502193,
            17.276164480711472,
            73.86617736607188,
            4.546934478992844,
            25.2091484976425
        ],
        "std": [
            18.71445879019752,
            23.809410672018778,
            21.694425448729064,
            11.13750495247997,
            6.005831734688004,
            11.124171846341174
        ],
        "count": [
            5470
        ],
        "q01": [
            5.960745458641294,
            -55.42419420808307,
            -2.2650450382004563,
            60.885027997318524,
            -0.8273629308825032,
            14.588924073463383
        ],
        "q10": [
            12.997916442379697,
            -52.95604804764864,
            -1.7353980332311365,
            61.549600512967125,
            -0.6979842302188346,
            14.615102018507931
        ],
        "q50": [
            29.333955228001187,
            -27.538393009434277,
            14.324688611591567,
            74.188021524653,
            4.934646387938215,
            23.875243609795305
        ],
        "q90": [
            54.34277109092684,
            7.627631191262962,
            46.052764410956506,
            84.86032908756701,
            8.723295581903844,
            41.44815987025607
        ],
        "q99": [
            55.480250260869525,
            11.789917472357068,
            47.579697490190455,
            86.40167798685776,
            9.510917364262847,
            42.739797278498884
        ]
    },
    "observation.images.wrist": {
        "min": [
            [
                [
                    0.0
                ]
            ],
            [
                [
                    0.0
                ]
            ],
            [
                [
                    0.0
                ]
            ]
        ],
        "max": [
            [
                [
                    1.0
                ]
            ],
            [
                [
                    0.9921568627450981
                ]
            ],
            [
                [
                    1.0
                ]
            ]
        ],