{
    "task_index": {
        "min": [
            0
        ],
        "max": [
            0
        ],
        "mean": [
            0.0
        ],
        "std": [
            0.0
        ],
        "count": [
            1490
        ],
        "q01": [
            3.9999999999994167e-16
        ],
        "q10": [
            3.999999999999417e-15
        ],
        "q50": [
            1.9999999999997088e-14
        ],
        "q90": [
            3.5999999999994766e-14
        ],
        "q99": [
            3.959999999999423e-14
        ]
    },
    "observation.images.wrist": {
        "min": [
            [
                [
                    0.0
                ]
            ],
            [
                [
                    0.0
                ]
            ],
            [
                [
                    0.0
                ]
            ]
        ],
        "max": [
            [
                [
                    1.0
                ]
            ],
            [
                [
                    1.0
                ]
            ],
            [
                [
                    1.0
                ]
            ]
        ],
        "mean": [
            [
                [
                    0.09608656192768451
                ]
            ],
            [
                [
                    0.0880994551276666
                ]
            ],
            [
                [
                    0.09253154543379763
                ]
            ]
        ],
        "std": [
            [
                [
                    0.00859965221327851
                ]
            ],
            [
                [
                    0.0071094099916047555
                ]
            ],
            [
                [
                    0.008549479150556136
                ]
            ]
        ],
        "count": [
            1167
        ],
        "q01": [
            [
                [
                    -3.92156862745098e-13
                ]
            ],
            [
                [
                    -3.92156862745098e-13
                ]
            ],
            [
                [
                    -3.92156862745098e-13
                ]
            ]
        ],
        "q10": [
            [
                [
                    -3.92156862745098e-13
                ]
            ],
            [
                [
                    -3.92156862745098e-13
                ]
            ],
            [
                [
                    -3.92156862745098e-13
                ]
            ]
        ],
        "q50": [
            [
                [
                    0.0012993501695610676
                ]
            ],
            [
                [
                    0.0039034512665092657
                ]
            ],
            [
                [
                    0.003922995528628182
                ]
            ]
        ],
        "q90": [
            [
                [
                    0.3676540918178792
                ]
            ],
            [
                [
                    0.3360669111978534
                ]
            ],
            [
                [
                    0.3543615368572055
                ]
            ]
        ],
        "q99": [
            [
                [
                    0.7859392533321709
                ]
            ],
            [
                [
                    0.7201480920528299
                ]
            ],
            [
                [
                    0.739722283540607
                ]
            ]
        ]
    },
    "observation.images.fixed": {
        "min": [
            [
                [
                    0.0
                ]
            ],
            [
                [
                    0.0
                ]
            ],
            [
                [
                    0.0
                ]
            ]
        ],
        "max": [
            [
                [
                    1.0
                ]
            ],
            [
                [
                    1.0
                ]
            ],
            [
                [
                    1.0
                ]
            ]
        ],
        "mean": [
            [
                [
                    0.3047239843238067
                ]
            ],
            [
                [
                    0.18658277663839745
                ]
            ],
            [
                [
                    0.13170057189542483
                ]
            ]
        ],
        "std": [
            [
                [
                    0.016062732978371533
                ]
            ],
            [
                [
                    0.007246831706600409
                ]
            ],
            [
                [
                    0.005112945962056116
                ]
            ]
        ],
        "count": [
            1167
        ],
        "q01": [
            [
                [
                    0.07461093806220254
                ]
            ],
            [
                [
                    0.03262108271509374
                ]
            ],
            [
                [
                    0.0003264873020973279
                ]
            ]
        ],
        "q10": [
            [
                [
                    0.09426421701702205
                ]
            ],
            [
                [
                    0.0437675111637353
                ]
            ],
            [
                [
                    0.05288623417055366
                ]
            ]
        ],
        "q50": [
            [
                [
                    0.13979632218362084
                ]
            ],
            [
                [
                    0.07250115970488423
                ]
            ],
            [
                [
                    0.07245584025032069
                ]
            ]
        ],
        "q90": [
            [
                [
                    0.7114528908333964
                ]
            ],
            [
                [
                    0.4810947976863955
                ]
            ],
            [
                [
                    0.29885155662421836
                ]
            ]
        ],
        "q99": [
            [
                [
                    0.9111783324275986
                ]
            ],
            [
                [
                    0.6969056010943131
                ]
            ],
            [
                [
                    0.504919673495256
                ]
            ]
        ]
    },
    "observation.state": {
        "min": [
            -0.35164836049079895,
            -64.92308044433594,
            -8.79120922088623,
            27.428571701049805,
            -53.05494689941406,
            1.9021738767623901
        ],
        "max": [
            52.57143020629883,
            30.63736343383789,
            63.20878982543945,
            86.5054931640625,
            -6.549450397491455,
            34.510868072509766
        ],
        "mean": [
            36.31016840070686,
            -13.268294952119756,
            24.31920441109062,
            62.476809359556874,
            -30.567565751555783,
            13.477433990632127
        ],
        "std": [
            12.836682270545198,
            23.170100204620653,
            16.36521330659632,
            9.972390131048787,
            14.878071481347146,
            4.163916730351281
        ],
        "count": [
            1490
        ],
        "q01": [
            6.577476215902591,
            -45.88171521513254,
            10.882026388318302,
            51.436166252172804,
            -44.81430288787039,
            10.88497588354469
        ],