{
    "index": {
        "min": [
            0
        ],
        "max": [
            964
        ],
        "mean": [
            482.0
        ],
        "std": [
            278.57135531134566
        ],
        "count": [
            965
        ],
        "q01": [
            413.3037880993833
        ],
        "q10": [
            425.8559236890386
        ],
        "q50": [
            481.88458880828995
        ],
        "q90": [
            538.1440763109615
        ],
        "q99": [
            550.6962119006167
        ]
    },
    "observation.images.wrist": {
        "min": [
            [
                [
                    0.0
                ]
            ],
            [
                [
                    0.0
                ]
            ],
            [
                [
                    0.0
                ]
            ]
        ],
        "max": [
            [
                [
                    1.0
                ]
            ],
            [
                [
                    0.9882352941176471
                ]
            ],
            [
                [
                    1.0
                ]
            ]
        ],
        "mean": [
            [
                [
                    0.12973585784313724
                ]
            ],
            [
                [
                    0.12268889822595705
                ]
            ],
            [
                [
                    0.12666607755602238
                ]
            ]
        ],
        "std": [
            [
                [
                    0.013392291332312215
                ]
            ],
            [
                [
                    0.013403801644200485
                ]
            ],
            [
                [
                    0.014108866560087177
                ]
            ]
        ],
        "count": [
            700
        ],
        "q01": [
            [
                [
                    -3.92156862745098e-13
                ]
            ],
            [
                [
                    -3.92156862745098e-13
                ]
            ],
            [
                [
                    -3.92156862745098e-13
                ]
            ]
        ],
        "q10": [
            [
                [
                    -3.92156862745098e-13
                ]
            ],
            [
                [
                    0.0016181538750781794
                ]
            ],
            [
                [
                    0.003863135078165158
                ]
            ]
        ],
        "q50": [
            [
                [
                    -3.92156862745098e-13
                ]
            ],
            [
                [
                    0.006140894104396812
                ]
            ],
            [
                [
                    0.003991819408166844
                ]
            ]
        ],
        "q90": [
            [
                [
                    0.4963556959053234
                ]
            ],
            [
                [
                    0.4594250852709295
                ]
            ],
            [
                [
                    0.47735082943651913
                ]
            ]
        ],
        "q99": [
            [
                [
                    0.732829897249412
                ]
            ],
            [
                [
                    0.674482750400491
                ]
            ],
            [
                [
                    0.6957641979269509
                ]
            ]
        ]
    },
    "action": {
        "min": [
            -0.04395604506134987,
            -77.53845977783203,
            -43.120880126953125,
            44.35165023803711,
            -50.593406677246094,
            1.322957158088684
        ],
        "max": [
            53.67033004760742,
            50.373626708984375,
            80.48351287841797,
            85.93406677246094,
            44.79121017456055,
            31.98443603515625
        ],
        "mean": [
            22.853361516171788,
            -25.05585219526538,
            25.509847674345107,
            64.3628708162456,
            -0.43367864381464033,
            17.507795345721465
        ],
        "std": [
            13.291922523328001,
            36.301702493571334,
            31.905446439311575,
            8.180663784089527,
            20.335184611243445,
            10.627887492518749
        ],
        "count": [
            965
        ],
        "q01": [
            5.459161340368689,
            -59.65240615291299,
            -3.488822626919327,
            54.36512058265963,
            -14.108523630725287,
            4.866514760471996
        ],
        "q10": [
            11.127820039073232,
            -59.50899919190349,
            -2.8625749031236243,
            55.18501830328109,
            -13.612472017393962,
            5.085175500046316
        ],
        "q50": [
            26.0614639926245,
            -27.699742147218377,
            20.6944275349533,
            64.9149996467851,
            -3.6866482358915422,
            24.983954948092777
        ],
        "q90": [
            30.999237209383857,
            15.885186677950223,
            55.529926054465335,
            71.93062459811769,
            16.29318947711003,
            25.936107519314824
        ],
        "q99": [
            32.48833112894019,
            17.772757984449996,
            58.62828613309317,
            78.24526451745963,
            16.496544716761843,
            25.951986876773045
        ]
    },
    "timestamp": {
        "min": [
            0.0
        ],
        "max": [
            12.133333333333333
        ],
        "mean": [
            4.646493955094993
        ],
        "std": [
            2.8184699185448805
        ],
        "count": [
            965
        ],
        "q01": [
            0.06674649496191151
        ],
        "q10": [
            0.9035555342890219
        ],
        "q50": [
            4.638799875647483
        ],
        "q90": [
            8.389432375900961
        ],
        "q99": [
            9.226241415228072
        ]
    },
    "episode_index": {
        "min": [
            0
        ],
        "max": [
            6
        ],
        "mean": [
            3.137823834196891
        ],
        "std": [
            1.9856139155977304
        ],
        "count": [
            965
        ],
        "q01": [
            3.1378238341968916
        ],
        "q10": [
            3.1378238341968947
        ],
        "q50": [
            3.137823834196911
        ],
        "q90": [
            3.137823834196927
        ],
        "q99": [
            3.1378238341969307
        ]
    },
    "task_index": {
        "min": [
            0
        ],
        "max": [
            0
        ],
        "mean": [
            0.0
        ],
        "std": [
            0.0
        ],
        "count": [
            965
        ],
        "q01": [
            3.9999999999994176e-16
        ],
        "q10": [
            3.999999999999417e-15
        ],
        "q50": [
            1.9999999999997088e-14
        ],
        "q90": [
            3.5999999999994766e-14
        ],
        "q99": [
            3.9599999999994235e-14
        ]
    },
    "observation.state": {
        "min": [
            0.17582418024539948,
            -77.31867980957031,
            -38.769229888916016,
            46.32966995239258,
            -50.153846740722656,
            12.4320650100708
        ],
        "max": [
            53.27472686767578,
            51.29670333862305,
            80.70330047607422,
            85.80220031738281,
            44.0,
            31.521739959716797
        ],